User,Email,Password
"Young,WilkinsonandSpears",ruizkevin@example.net,23LbkuB4_$
"Robinson,SnowandSanders",xrodriguez@example.net,&FcYh!baf2
Shepherd-Mejia,hillcaleb@example.org,y#^@2MMgZU
GrahamLLC,elizabethrodriguez@example.com,V!5HyQ%73&
GrayGroup,jeremydavis@example.com,I1v9%Xpd$P
Brown-Bailey,newtongreg@example.com,)$3Nr+YP6)
MooreLtd,jacob64@example.net,i*8iSqUe(_
"Hoover,McdonaldandMedina",tammy24@example.net,*oxVpKbh6f
SingletonInc,catherineharrington@example.net,dLaj3Nu9A!
RichGroup,tiffany90@example.com,^e9N*Ne9(F
"Hernandez,EscobarandPark",yatesrhonda@example.net,7MqNLpuM+&
Shelton-Ortega,jeffreywilson@example.com,@5I#zHr+mH
GonzalezLtd,arobertson@example.com,25t@QR9f!&
FrazierInc,jcarney@example.net,V&93YENj*v
DanielsGroup,moniquegomez@example.org,O2UHTIEv!z
Bennett-Davenport,angela75@example.com,%6ft10Vm$r
"Miller,GomezandRollins",angel04@example.org,l#7PRNNyM$
"Clark,GriffinandChambers",tammysullivan@example.net,9guEC1bn%g
"Jones,HowardandMontgomery",campbellvanessa@example.org,Dp+B)8Vh0s
AliPLC,pamelaperry@example.org,%c+i4JNi_^
Aguilar-Leach,kimberly96@example.com,%jW1kIQuJ9
SmithLtd,mbates@example.org,xlh2Ys+if*
RileyPLC,emyers@example.net,Tlr2BwDn^7
DouglasLtd,hking@example.org,&_*Ij3u@w9
Rice-Diaz,davisanthony@example.org,+^8Q2eWaZ6
CarrollandSons,xbennett@example.com,)G1LvxN3%X
"Barker,BaileyandCook",omartinez@example.org,)*nK3Xr6(j
"Jackson,LeeandGill",tammyrodriguez@example.org,$4JdNGUehk
RoyInc,gsandoval@example.org,Xl879lSd*i
HarrisGroup,michaelscott@example.org,BSZA0BAeZ*
CollinsLtd,matthewmann@example.com,r&6G7Nbnox
MarquezLLC,tylerbenjamin@example.com,F!31Tfk%$E
Carter-Berg,robincross@example.com,pL7FTRfc_t
"Rollins,OconnorandSnyder",esparzasara@example.net,$!3$(1LpF!
"Bell,DavidsonandFlores",ericboyd@example.net,Dzq0TTbD*b
Schneider-Jones,elizabeth94@example.org,(9sNSvo2iB
"Gomez,GilmoreandBrewer",beth05@example.org,$$LZ&ug7J2
WilliamsLLC,michael24@example.net,TZm5S8Pw@Q
"Parker,BrownandRichardson",dawn31@example.com,1Hq!rKt#^3
"Bryan,EscobarandBowman",kathrynwerner@example.net,+n#5CrnDvf
ChristensenInc,tblake@example.net,#O4cPWyu(U
MartinezInc,alexanderpitts@example.com,^NUSVFr$8g
Graham-Floyd,jlopez@example.net,*1IEG7ez^u
NolanInc,micheleharris@example.org,)12Z#IwDxT
Clark-Pruitt,clinton68@example.net,8rcDuSn_#5
HicksGroup,reyesrobert@example.org,Jw*6XuVvpj
Herrera-Crawford,jenniferpowell@example.net,_8IRMx8O8U
"Bowman,EverettandSmith",jeffrey00@example.org,@2WqzcYsNk
Freeman-Calhoun,sgreene@example.net,U!9VBVgT@)
Roberts-Miller,perezcrystal@example.org,tsXyNHYY+7
TorresLtd,melissaferguson@example.net,(opnJka895
"Jimenez,DiazandJohnson",jeremiah12@example.org,5P1De+yu$p
Reyes-Grimes,ashleychung@example.org,E!4)0Tcjl0
"Medina,KimandRamirez",bchavez@example.net,X!ex65FtZ*
Lucero-Patterson,saguilar@example.net,G6FxpWwf$8
PhillipsPLC,jeancooke@example.org,sYW22Rea^+
"Duke,SmithandRyan",mmcgrath@example.net,0Q89Jl(n3&
BowenGroup,joshua79@example.net,R8WzZX$k@y
BoothInc,victoria14@example.org,!BUC9mfi#4
"Henry,ParkerandFuller",ayerslisa@example.net,Mr2Va!cU&%
MitchellGroup,garciatyler@example.org,&$E0D$$dd6
"Collins,RobertsonandLe",cunninghambarbara@example.net,$djd1G+Ie9
Owens-Terry,crystal16@example.org,$3BqvImBDw
"Nicholson,BruceandReed",melissabrown@example.net,4kD2*Tcv$7
HorneGroup,tyler29@example.org,$YHKyNFq79
PerryGroup,james34@example.com,x8RqTzvS%f
Luna-Farrell,dlawrence@example.com,+k%LcOsl31
HuntGroup,rosalesthomas@example.org,_nHWfztka9
"Wilson,OlsenandPeterson",mjohnson@example.org,jK83EMqVY(
WadeandSons,kfisher@example.org,O)!2UszeT$
"Dalton,GonzalezandJohnson",williamjackson@example.net,j#3XxfMH$f
MartinezandSons,kevin81@example.com,!()2SpBT!j
"Hansen,CrossandWebb",lesliejackson@example.com,_5$Gw)fuWk
"Orozco,RobinsonandSolis",sotomelissa@example.com,&2nQbF_ykC
"Smith,CarterandGamble",michael52@example.org,ZB!70TyL@a
"Anderson,HowardandFields",osaunders@example.net,$@2XqJdqLD
GuzmanandSons,whernandez@example.net,J@7y7plPtE
WhiteLLC,qwilson@example.org,j7my4x*n*P
Roth-Lee,dylan84@example.net,E*3jhAEbJZ
Parker-Owens,joseph30@example.net,(5QfIUqP)o
Adams-Jones,grivera@example.com,)J1JiBVi#9
"Garza,CantrellandSmith",deborah61@example.com,)To1FIywzk
Jackson-Young,jennaflores@example.com,%L%*eKfZ97
Bailey-Davidson,yclark@example.net,^7ioHaUdJy
"Adams,FranklinandVazquez",ggonzales@example.com,!KmOW(n39+
"Bishop,GreenandFarrell",anthonymacdonald@example.net,G_9t0Omm+#
JenkinsGroup,mcdowelljason@example.net,_oK!a^mdr5
Wong-Sanchez,robertsjennifer@example.net,@IKUhpcs@8
"Knight,FosterandDavis",autumn73@example.net,5ad46C)3#)
"Vasquez,RichardsonandCabrera",kporter@example.org,&IWU9eE0a3
Cochran-Martinez,blivingston@example.org,*1%8Hm974(
"Morales,MercadoandBurch",xholland@example.net,186GuIj^$z
CamposLtd,cconley@example.org,5C&s9Z5L#v
"Carter,BoydandLawrence",fischeramanda@example.org,0ga3B3eIL&
HillInc,williamsonlaura@example.com,or3lM8h_m!
Welch-Richardson,pstevenson@example.org,zM^2YTSvVj
Rice-Ramos,maurice21@example.org,z9oRjXKW#D
"Lutz,PittsandSmith",cantrellthomas@example.org,c6ApTqF%&R
"Jackson,MartinezandSanders",wendy84@example.com,+55+NCto+Z
"Young,HallandJohnston",hawkinsjames@example.org,!@1kLVLl$&
